{"cameraMode":{"drawMode":0,"name":"Shaded","section":"Shading Mode"},"sceneLighting":true,"audioPlay":false,"sceneViewState":{"m_AlwaysRefresh":false,"showFog":true,"showSkybox":true,"showFlares":true,"showImageEffects":true,"showParticleSystems":true,"showVisualEffectGraphs":true,"m_FxEnabled":true},"in2DMode":false,"pivot":{"x":637.0172119140625,"y":749.8552856445313,"z":144.0652618408203},"rotation":{"x":0.033276479691267017,"y":-0.04047125577926636,"z":0.0013485264498740435,"w":0.9986288547515869},"size":456.3990173339844,"orthographic":false}