{"cameraMode":{"drawMode":0,"name":"Shaded","section":"Shading Mode"},"sceneLighting":true,"audioPlay":false,"sceneViewState":{"m_AlwaysRefresh":false,"showFog":true,"showSkybox":false,"showFlares":true,"showImageEffects":true,"showParticleSystems":true,"showVisualEffectGraphs":true,"m_FxEnabled":true},"in2DMode":false,"pivot":{"x":-2.454057216644287,"y":3.8834617137908937,"z":3.410493850708008},"rotation":{"x":0.17559194564819337,"y":0.24663493037223817,"z":-0.045489367097616199,"w":0.9519824385643005},"size":5.305213451385498,"orthographic":false}