{"cameraMode":{"drawMode":0,"name":"Shaded","section":"Shading Mode"},"sceneLighting":false,"audioPlay":false,"sceneViewState":{"m_AlwaysRefresh":false,"showFog":true,"showSkybox":false,"showFlares":true,"showImageEffects":true,"showParticleSystems":true,"showVisualEffectGraphs":true,"m_FxEnabled":true},"in2DMode":false,"pivot":{"x":-0.027942081913352014,"y":2.247901678085327,"z":0.7772938013076782},"rotation":{"x":0.4879333972930908,"y":0.003927889280021191,"z":-0.0021831742487847807,"w":0.8729028105735779},"size":0.8563266396522522,"orthographic":false}