{"StartTime":[0.9710000157356262,1.3389999866485596,1.503000020980835,2.003999948501587,2.569000005722046,2.86899995803833,3.438999891281128,3.809000015258789,4.008999824523926,4.339000225067139,4.709000110626221,4.979000091552734,5.408999919891357,6.078999996185303,6.2789998054504398,6.508999824523926,6.709000110626221,6.908999919891357,7.309000015258789,21.80900001525879,22.68000030517578,22.923999786376954,24.302000045776368,25.256000518798829,26.343000411987306,28.913999557495118,30.2450008392334,31.961999893188478,32.470001220703128,33.638999938964847,35.007999420166019,35.762001037597659,38.50899887084961,39.29800033569336,42.060001373291019,42.814998626708987,44.31100082397461,46.28799819946289,47.51300048828125,49.78300094604492,54.32099914550781,56.1870002746582,56.41400146484375,58.98699951171875,60.69200134277344,62.505001068115237,64.31500244140625,66.04399871826172,68.73799896240235,70.61100006103516],"Furigana":["","","","","","","","","","","","","","","","","","","","","","","","","","","","","","","","","","","","","","","","","","","","","","","","","",""],"Mondai":["あ","わん","だらね","ばでぃん","えん","ばみん","ぶらだ","らだ"," ","あ","わん","だらね","ばでぃん","お","え","お","え","お"," ","SOS","","カスカスに乾いた体","枯らしたenergy","限界です","ってな顔で 並んだ輩陰惨なmelody","拝んだね願ったね","平気そうなフリしてよう耐えたね","あ","お初にお目にかかります","さぁ皆共よ傾聴","颯","我々は腐ってますまずまず軸がブレてます","益々増す","不安に白目ってます 且つ嘗てなくズレてます","おうおうおう","揺りかごから墓場 その先は","pantry 果ては sewerage","そして行き着く先がmelancholy","もう祈っちゃいられんなGandhara","(o-e-o)","ほら旗立てろ","あゝ","SARUになってZUBUになっていく","マトモは蹴飛ばして","キモいことしようぜ","理屈も真っ新になって","GURUになっていく","お前もBAKAされたんじゃねぇんですか？","どうよ say hoo？","","","","",""],"romaji":["","","","","","","","","","","","","","","","","","","","","","","","","","","","","","","","","","","","","","","","","","","","","","","","","",""],"EndTime":[1.2999999523162842,1.4900000095367432,1.9900000095367432,2.5,2.799999952316284,3.4000000953674318,3.7899999618530275,3.990000009536743,4.300000190734863,4.690000057220459,4.900000095367432,5.389999866485596,6.0,6.199999809265137,6.489999771118164,6.690000057220459,6.889999866485596,7.289999961853027,21.790000915527345,22.639999389648439,22.899999618530275,24.59000015258789,25.200000762939454,26.299999237060548,28.899999618530275,30.200000762939454,31.899999618530275,32.43000030517578,33.599998474121097,34.9900016784668,35.70000076293945,38.4900016784668,39.27000045776367,42.02000045776367,42.79999923706055,44.29999923706055,46.22999954223633,47.5,49.72999954223633,54.29999923706055,56.13999938964844,56.400001525878909,58.95000076293945,60.65999984741211,62.4900016784668,64.30000305175781,66.0,68.69999694824219,70.5999984741211]}