{"StartTime":[3.427000045776367,7.196000099182129,9.284000396728516,10.982999801635743,14.581999778747559,16.913000106811525,18.700000762939454,21.6200008392334,23.41900062561035,26.113000869750978,29.18000030517578,31.072999954223634,34.26900100708008,38.24100112915039,42.099998474121097,43.33599853515625,45.374000549316409,46.77799987792969,48.76599884033203,49.233001708984378,52.625,52.742000579833987,54.262001037597659,56.95199966430664,57.887001037597659,60.57699966430664,61.74599838256836,65.60600280761719],"Furigana":["","","","","","","","","","","","","","","","","","","","","","","","","","","",""],"Mondai":["交わした約束の言葉の始末","早々に、ね 早々に、ね","　","泳いだ目線じゃ 神様も嫌う","堂々と、ね 堂々と、ね","　","話せない 何も話せない","私は知らない","君も 何もしてない","戻れない 二度と戻れない","誰も悪くない","誰も何もしてない","沈む足を見ながら","燃える部屋をみながら","笑うよ","Lalalalalala","また誰かが","Knock,knock,knock,knock"," ","Who?"," ","Who?","この頭から離れない","　","この頭から離れない","　","この頭から離れない","　"],"romaji":["","","","","","","","","","","","","","","","","","","","","","","","","","","",""],"EndTime":[3.4000000953674318,7.099999904632568,9.199999809265137,10.899999618530274,14.5,16.899999618530275,18.600000381469728,21.600000381469728,23.399999618530275,26.100000381469728,29.100000381469728,31.0,34.20000076293945,38.20000076293945,42.0,43.29999923706055,45.29999923706055,46.70000076293945,48.70000076293945,49.20000076293945,52.599998474121097,52.70000076293945,54.20000076293945,56.900001525878909,57.79999923706055,60.5,61.70000076293945,65.5999984741211]}