{"StartTime":[1.2970000505447388,3.5940001010894777,5.666999816894531,9.22599983215332,15.097000122070313,56.45100021362305,59.25199890136719,67.49700164794922,72.9469985961914,78.0780029296875,78.53700256347656,80.69999694824219,82.69499969482422,84.06800079345703,85.47699737548828,86.87300109863281,88.62899780273438,89.44200134277344,91.63099670410156,93.82499694824219,95.56300354003906,97.55000305175781,103.34100341796875],"Furigana":["","","","","","","","","","","","","","","","","","","","","","",""],"Mondai":["きっとキミはくるってんだ","誰もがそう思うでしょう","でもこれが僕の描く理想の歌","そのまま何も言わないで","　","","　","","　","","","","","","","","","","","","","","　"],"romaji":["","","","","","","","","","","","","","","","","","","","","","",""],"EndTime":[1.2000000476837159,3.5,5.599999904632568,9.199999809265137,15.0,56.400001525878909,59.20000076293945,67.4000015258789,72.9000015258789,78.0,78.5,80.5999984741211,82.5999984741211,84.0,85.4000015258789,86.80000305175781,88.5999984741211,89.4000015258789,91.5999984741211,93.80000305175781,95.5,97.5,103.30000305175781]}