{"StartTime":[14.675999641418457,18.184999465942384,22.000999450683595,25.62700080871582,29.534000396728517,30.155000686645509,33.22800064086914,35.20199966430664,37.0629997253418,37.715999603271487,40.867000579833987,44.40700149536133,44.819000244140628,46.65800094604492,48.3129997253418,50.185001373291019,52.33100128173828,53.94300079345703,55.96900177001953,57.29800033569336,59.435001373291019,59.805999755859378,61.433998107910159,63.38600158691406,65.23600006103516,67.31800079345703,69.2300033569336,70.7969970703125,74.9489974975586],"Furigana":["","","","","","","","","","","","","","","","","","","","","","","","","","","","",""],"Mondai":["香水に揺蕩う澱を見て","失った言葉をよく噛んで","思いつく限りの幼さを","ひと匙の砂糖とよく混ぜて","それもまた","丁寧に 丁寧に 丁寧に 丁寧にと","継ぎはぎだらけのフィラメント","有り余る程ならいらないよ","一つずつ","丁寧に 丁寧に 丁寧に 丁寧にと","次で行き止まりの気がした","何も","愛してくれ 愛してくれ","愛してくれとは言わない","異常なくらいの優しさを","すこし分け与えてくれないか","幸せと感じたあの日は","もっとでたらめなままで良かった","その心地よさが","あたしの首を絞めているんだ","総て","返してくれ 返してくれ","返してくれとは言わない","思想を喰らう浅ましさを","哀れみで誤魔化して了うなら","卑怯と言われても仕方ない","エレジーに情なんて湧かない","その目を閉じて笑おうか","　"],"romaji":["kousuinitayutauoriwomite","usinattakotobawoyokukande","omoitukukagirinoosanasawo","hitosazinosatoutoyokumazete","soremomata","teineiniteineiniteineiniteineinito","tugihagidarakenofiramento","ariamaruhodonarairanaiyo","hitotuzutu","teineiniteineiniteineiniteineinito","tugideikidomarinokigasita","nanimo","aisitekureaisitekure","aisitekuretoohaiwanai","izyounakurainoyasasisawo","sukosiwakeataetekuernaika","siawasetokanzitaanohiha","mottodetaramenamamadeyokatta","sonokokotiyosa","atasinokubiwosimeteirunda","subete","kaesitekurekaesitekure","kaesitekuretohaiwanai","sisouwokurauasamasisawo","awaremidegomakasitesimaunara","hikyoutoiwaretemosikatanai","erezi-nizyounantewakanai","sonomewotozitewaraouka","end"],"EndTime":[18.100000381469728,21.899999618530275,25.600000381469728,29.5,30.100000381469728,33.20000076293945,35.099998474121097,37.0,37.70000076293945,40.79999923706055,44.29999923706055,44.79999923706055,46.599998474121097,48.29999923706055,50.099998474121097,52.29999923706055,53.900001525878909,55.900001525878909,57.20000076293945,59.400001525878909,59.70000076293945,61.400001525878909,63.29999923706055,65.19999694824219,67.30000305175781,69.19999694824219,70.69999694824219,74.9000015258789]}