{"StartTime":[0.9509999752044678,1.2890000343322755,3.322999954223633,4.297999858856201,6.035999774932861,8.28499984741211,9.218999862670899,11.086000442504883,21.479000091552736,23.9060001373291,26.268999099731447,28.93600082397461,31.31100082397461,32.49700164794922,34.99300003051758,37.56800079345703,39.93600082397461,42.85900115966797,45.97999954223633,47.94200134277344,50.33000183105469,51.547000885009769,52.733001708984378,53.87900161743164,56.6349983215332,59.17499923706055,61.417999267578128,62.61600112915039,63.979000091552737,66.47100067138672,71.57499694824219,72.19999694824219],"Furigana":["","","","","","","","","","","","","","","","","","","","","","","","","","","","","","","",""],"Mondai":["あー","機械仕掛け身に咲いた花","掻いた荒","元気に泣いたかな","繰り返す日々に開いた穴","吐いた金","綺麗になったかな","　","頭から入れるただ酸素","いつからか慣れてたスタント","後ろから殴られ笑うの","遠慮がちな若きクワント","　","階段を登る淡々と","気をつけろと声が五万と","黒く染まる為のコマンド","結局押すマリオネット","右向け右","左向け左","掛け声次第に","体染みる","擬態して","期待して","誰かが助けてくれるまで","枯れた声を更に枯らして","身体中の花を隠した","擬態して","期待して","溢れたものをまた飲み込んで","飲み込んで","吐く","　"],"romaji":["","","","","","","","","","","","","","","","","","","","","","","","","","","","","","","",""],"EndTime":[1.2000000476837159,3.299999952316284,4.199999809265137,6.0,8.199999809265137,9.199999809265137,11.0,21.399999618530275,23.889999389648439,26.200000762939454,28.899999618530275,31.299999237060548,32.400001525878909,34.900001525878909,37.5,29.899999618530275,42.79999923706055,45.900001525878909,47.900001525878909,50.29999923706055,51.5,52.70000076293945,53.79999923706055,56.599998474121097,59.099998474121097,61.400001525878909,62.599998474121097,63.900001525878909,66.4000015258789,71.5,72.19000244140625]}