{"StartTime":[1.378999948501587,2.9760000705718996,4.534999847412109,6.10099983215332,6.256999969482422,6.796999931335449,6.9039998054504398,7.039000034332275,7.124000072479248,7.252999782562256,7.309000015258789,7.372000217437744,7.421000003814697,7.482999801635742,7.519999980926514,7.574999809265137,8.288999557495118,9.855999946594239,11.473999977111817,12.625,13.354999542236329,14.088000297546387,14.824000358581543,15.559000015258789,16.889999389648439,18.225000381469728,19.55299949645996,20.871999740600587,22.179000854492189,27.740999221801759,29.031999588012697,30.416000366210939,32.03799819946289,33.369998931884769,34.68299865722656,37.10599899291992,38.433998107910159,39.766998291015628,41.108001708984378,42.43600082397461,43.76900100708008,48.37300109863281,49.70500183105469,51.053001403808597,52.37200164794922,53.70000076293945,55.042999267578128,56.36899948120117,57.70000076293945,59.95500183105469,61.86800003051758,63.20500183105469,64.49500274658203],"Furigana":["","","","","","","","","","","","","","","","","","","","","","","","","","","","","","","","","","","","","","","","","","","","","","","","","","","","",""],"Mondai":["チュートリアル","初めて遊ぶ方へのゲーム説明です","それでは","　","Let's Go!!"," ","Let's Go!!"," ","Let's Go!!"," ","Let's Go!!","","Let's Go!!","","Let's Go!!","","ノーツというオブジェクトが落ちてきます","線と重なるときにキーを押してください","タイミングによって","Perfect","Great","Bad","Miss","四種類の判定がされます","それぞれ落ちてくるレーンを見て","正しいキーを押してください","ASDF JKL;キー以外にも","タイピングの指と同じキーが使えます","　","画面説明","画面左上 スコアゲージです","スコアによってバーが進みます","MAXスコアは1000000","フルスコアを目指してください","　","画面右上 メニューボタン","ゲームのリタイア・リトライ","テキストパネルの表示・非表示","などが出来ますよ","便利ですね","　","タイトル画面に戻って","設定画面を開くと","ゲームの設定を変更できます","ノーツが落ちてくるタイミング","ノーツの速さ","レーン端のフラッシュのスピード","フラッシュのタイミング","もちろん音量調節も出来ます","　","これで説明はおしまい","いろんな曲で遊んでみてください","　"],"romaji":["","","","","","","","","","","","","","","","","","","","","","","","","","","","","","","","","","","","","","","","","","","","","","","","","","","","",""],"EndTime":[2.9000000953674318,4.5,6.090000152587891,6.199999809265137,6.699999809265137,6.900000095367432,7.0,7.099999904632568,7.199999809265137,7.300000190734863,7.300000190734863,7.400000095367432,7.400000095367432,7.5,7.5,8.199999809265137,9.800000190734864,11.399999618530274,12.600000381469727,13.300000190734864,14.0,14.800000190734864,15.5,16.799999237060548,18.200000762939454,19.5,20.799999237060548,22.100000381469728,27.700000762939454,29.0,30.399999618530275,32.0,33.29999923706055,34.599998474121097,37.099998474121097,38.400001525878909,39.70000076293945,41.099998474121097,42.400001525878909,43.70000076293945,48.29999923706055,49.689998626708987,51.0,52.29999923706055,53.689998626708987,55.0,56.29999923706055,57.689998626708987,59.900001525878909,61.79999923706055,63.189998626708987,64.4000015258789]}