{"StartTime":[15.13700008392334,15.536999702453614,15.784000396728516,16.100000381469728,16.441999435424806,18.56599998474121,19.023000717163087,19.266000747680665,19.555999755859376,20.350000381469728,20.836999893188478,21.534000396728517,22.038000106811525,22.368999481201173,22.625,22.933000564575197,23.533000946044923,23.84000015258789,24.26099967956543,24.871000289916993,25.33300018310547,25.944000244140626,26.583999633789064,28.632999420166017],"Furigana":["","","","","","","","","","","","","","","","","","","","","","","",""],"Mondai":["誰でも","刺す","切らす","下す","裁かれざる極悪な全能の神が","バレてる","カス","潰す","うだつ上げたら去る","ぞんざいな","洗脳と","愛","誰でも","待つ","焦らす","知らず 知らず","迫る","限界と","膨大な","誰か","戯言だって","勘ぐって","この呼吸を褒めて","　"],"romaji":["","","","","","","","","","","","","","","","","","","","","","","",""],"EndTime":[15.100000381469727,15.5,15.699999809265137,16.0,16.399999618530275,18.5,19.0,19.200000762939454,19.5,20.299999237060548,20.799999237060548,21.5,22.0,22.299999237060548,22.600000381469728,22.899999618530275,23.5,23.799999237060548,24.200000762939454,24.799999237060548,25.299999237060548,25.899999618530275,26.5,28.600000381469728]}