{"StartTime":[46.17399978637695,47.683998107910159,49.007999420166019,50.30799865722656,51.650001525878909,53.112998962402347,54.50899887084961,55.70600128173828,57.31700134277344,58.60499954223633,59.95800018310547,61.31800079345703,62.638999938964847,64.1510009765625,65.48600006103516,66.76000213623047,68.95600128173828,74.31500244140625,79.99700164794922,85.47899627685547,89.9000015258789,91.7040023803711,92.39600372314453,93.29100036621094,95.80500030517578,100.81600189208985,102.6709976196289,103.47599792480469,104.28600311279297,106.80599975585938,112.45099639892578],"Furigana":["","","","","","","","","","","","","","","","","","","","","","","","","","","","","","",""],"Mondai":["S","M","T","W","T","F","S","Back to the beginning .","S","M","T","W","T","F","S","Back to the beginning .","ずっと 見ています","アナタを見ています","アナタのすべてが","きっと 終わるまで","期待なんてされてない","できない","いらない","見ないフリしてそんじゃバイバイ","「そんなことは思ってもないクセに！」","'キライ'なんて限りない","言えない","in the night","キライすぎて頭が痛い","「そんなことは思ってもないクセに！」"," "],"romaji":["","","","","","","","","","","","","","","","","","","","","","","","","","","","","","",""],"EndTime":[47.599998474121097,49.9900016784668,50.290000915527347,51.599998474121097,53.01300048828125,54.409000396728519,55.60599899291992,53.290000915527347,58.59000015258789,59.91999816894531,61.29999923706055,62.599998474121097,64.0999984741211,65.4000015258789,66.69999694824219,68.9000015258789,74.30000305175781,79.97000122070313,85.43000030517578,89.87000274658203,91.6500015258789,92.33000183105469,93.26000213623047,95.77999877929688,100.80000305175781,102.62999725341797,103.43000030517578,104.23999786376953,106.77999877929688]}