{"StartTime":[0.9459999799728394,2.3380000591278078,4.271999835968018,5.752999782562256,7.25600004196167,7.7729997634887699,9.35200023651123,11.345999717712403,13.112000465393067,34.22800064086914,37.71099853515625,41.26900100708008,44.832000732421878,49.50600051879883,53.720001220703128,54.90800094604492,58.75,61.76900100708008,62.15999984741211,63.60300064086914,65.37100219726563,66.88300323486328,68.48400115966797,70.60600280761719,72.89399719238281,74.47100067138672],"Furigana":["","","","","","","","","","","","","","","","","","","","","","","","","",""],"Mondai":["僕を連れてって","浸み込んでしまう前に","見えないまま掴みたいとか","どうせ叶わないからさ","あぁ","手はまだずっと濡れていて","いつか落としてしまうこと","まだ気付いてなかった","　","細かい雨が目に浸みるのも","湿った息が喉に詰まるのも","容にならないものを背負った僕は","案外楽だったのかもしんないな","声になれなかった分だけ","目の前で","邪魔している霧雨に","傘を翳して逃げ惑いたいよ","　","僕を連れてって","浸み込んでしまう前に","見えないままやられちゃうとか","どうにも出来ないからさ","離せない手はずっと濡れていて","いつか落としてしまうこと","まだ気付いてなかった",""],"romaji":["bokuwoturetette","simikonndesimaumaeni","mienaimamatukamitaitoka","dousekanawanaikarasa","ala","tehamadazuttonureteite","itukaotositesimaukoto","madakizuitenakatta","","komakaiamegamenisimirunomo","simettaikiganodonitumarunomo","katatininaranaimonowoseottabokuha","anngairakudattanokamosinnnaina","koeninarenakattabunndake","menomaede","zyamasiteirukirisameni","kasawokazasitenigemadoitaiyo","","bokuwoturetette","simikondesimaumaeni","mienaimamayararetyautoka","dounimodekinaikarasa","hanasenaitehazuttonureteite","itukaotositesimaukoto","madakizuitenakatta",""],"EndTime":[2.299999952316284,4.199999809265137,5.699999809265137,7.199999809265137,7.699999809265137,9.300000190734864,11.300000190734864,13.100000381469727,34.20000076293945,37.599998474121097,41.20000076293945,44.79999923706055,49.400001525878909,53.70000076293945,54.79999923706055,58.70000076293945,61.70000076293945,62.099998474121097,63.5,65.30000305175781,66.80000305175781,68.4000015258789,70.5,72.80000305175781,74.4000015258789]}