{"cameraMode":{"drawMode":0,"name":"Shaded","section":"Shading Mode"},"sceneLighting":false,"audioPlay":false,"sceneViewState":{"m_AlwaysRefresh":false,"showFog":true,"showSkybox":false,"showFlares":true,"showImageEffects":true,"showParticleSystems":true,"showVisualEffectGraphs":true,"m_FxEnabled":true},"in2DMode":false,"pivot":{"x":0.002956956624984741,"y":2.0012810230255129,"z":0.09152662754058838},"rotation":{"x":0.3264954388141632,"y":-0.025519493967294694,"z":0.008829436264932156,"w":0.9448437690734863},"size":0.22927598655223847,"orthographic":false}